chrom,start,end,target_reg
chr12,55725882,55726482,13.0
chr19,36028217,36028817,13.0
chr1,7403363,7403963,13.0
chr2,68062734,68063334,337.0
chr7,151632560,151633160,54.0
chr12,54018318,54018918,29.0
chr18,26215463,26216063,27.0
chr2,108620617,108621217,46.0
chr13,49792758,49793358,132.0
chr22,39114985,39115585,14.0
chrX,48469199,48469799,451.0
chr5,111512912,111513512,113.0
chr7,14714105,14714705,23.0
chr6,4777975,4778575,21.0
chr19,57499869,57500469,178.0
chr6,63211239,63211839,203.0
chr4,78776247,78776847,1986.0
chr11,112226312,112226912,335.0
chr7,32494833,32495433,71.0
chr22,17875510,17876110,24.0
chr17,7239376,7239976,256.0
chr3,52529111,52529711,68.0
chr2,70104754,70105354,19.0
chr2,74958353,74958953,1110.0
chr1,160837377,160837977,16.0
chr5,179796059,179796659,26.0
chr11,68036262,68036862,58.0
chr2,65313009,65313609,57.0
chr1,234842160,234842760,12.0
chr12,6501625,6502225,20.0
chr19,3093918,3094518,252.0
chr6,25992044,25992644,33.0
chr10,58334675,58335275,2469.0
chr11,62123544,62124144,2058.0
chr16,67226404,67227004,57.0
chr3,120349438,120350038,36.0
chr6,167092506,167093106,38.0
chr11,121629940,121630540,50.0
chr1,111204229,111204829,570.0
chr9,124660545,124661145,21.0
chr17,82639931,82640531,29.0
chr10,74825147,74825747,209.0
chr9,125826744,125827344,18.0
chr6,126643228,126643828,18.0
chr12,119760594,119761194,17.0
chrX,130070963,130071563,23.0
chr1,35364666,35365266,21.0
chr12,108633895,108634495,33.0
chr8,95024312,95024912,25.0
chr17,2070285,2070885,42.0
chr20,63742862,63743462,17.0
chr7,92835944,92836544,118.0
chrX,76176869,76177469,26.0
chr8,22756043,22756643,21.0
chr7,50146621,50147221,13.0
chr9,136790763,136791363,135.0
chr3,141388296,141388896,23.0
chr1,2413638,2414238,44.0
chr2,200814861,200815461,17.0
chr2,12479076,12479676,27.0
chr2,70107918,70108518,26.0
chr7,99458076,99458676,23.0
chr19,609691,610291,28.0
chr17,39204096,39204696,45.0
chr7,39633761,39634361,84.0
chr12,124483577,124484177,26.0
chr4,95549697,95550297,1202.0
chr3,185930630,185931230,14.0
chr12,119687779,119688379,94.0
chrX,153953613,153954213,33.0
chr15,80999522,81000122,30.0
chr11,119055456,119056056,15.0
chr5,131267819,131268419,17.0
chr1,84998332,84998932,18.0
chr22,31084384,31084984,40.0
chr17,31314103,31314703,317.0
chr12,26732183,26732783,52.0
chr18,54217553,54218153,27.0
chr4,73090935,73091535,56.0
chr18,657243,657843,4120.0
chr1,35031943,35032543,92.0
chr8,78665459,78666059,65.0
chr7,155303802,155304402,19.0
chr9,137421775,137422375,18.0
chr12,93168055,93168655,29.0
chr7,150323734,150324334,42.0
chr17,17302807,17303407,119.0
chr17,49707984,49708584,51.0
chr6,70566602,70567202,582.0
chr3,158121883,158122483,67.0
chr19,48992088,48992688,17.0
chr16,67729460,67730060,18.0
chr2,159895103,159895703,60.0
chr7,39950351,39950951,116.0
chr13,43108107,43108707,12.0
chr19,2092470,2093070,52.0
chr10,3778593,3779193,23.0
chr12,56634557,56635157,198.0
chr12,93572513,93573113,13.0
chrX,47181327,47181927,21.0
chr10,87504433,87505033,779.0
chr4,95524169,95524769,26.0
chr16,66551262,66551862,12.0
chr4,6855550,6856150,31.0
chr11,3722886,3723486,13.0
chr22,49975408,49976008,63.0
chr19,48970351,48970951,12.0
chr11,109956338,109956938,20.0
chr11,64234797,64235397,35.0
chr2,73233437,73234037,13.0
chr1,171589238,171589838,125.0
chr11,94473306,94473906,15.0
chr9,36862015,36862615,13.0
chr11,95790756,95791356,32.0
chr14,91243977,91244577,23.0
chr4,15778515,15779115,29.0
chr19,17292237,17292837,61.0
chr6,26020126,26020726,7114.0
chr9,136849335,136849935,874.0
chr20,2460663,2461263,12.0
chr6,41690862,41691462,27.0
chr9,6645506,6646106,763.0
chr6,52264019,52264619,99.0
chr2,27132840,27133440,12.0
chr14,23301848,23302448,57.0
chr12,100199243,100199843,19.0
chr11,111878690,111879290,452.0
chr6,85678597,85679197,3477.0
chr9,137762620,137763220,43.0
chr11,60841727,60842327,2227.0
chr7,27095570,27096170,422.0
chr8,102269761,102270361,15.0
chr3,50617030,50617630,1579.0
chr8,29366599,29367199,14.0
chr2,222912040,222912640,14.0
chr7,28808676,28809276,12.0
chr8,59963230,59963830,25.0
chr11,61862615,61863215,37.0
chr2,37571200,37571800,18.0
chr12,11813013,11813613,24.0
chr12,6914493,6915093,2172.0
chr16,31457842,31458442,30.0
chr11,19777985,19778585,15.0
chr11,46377160,46377760,66.0
chr1,84689697,84690297,113.0
chr7,8176829,8177429,81.0
chr16,24970242,24970842,16.0
chr20,6767305,6767905,294.0
chr17,47821175,47821775,35.0
chr17,42980609,42981209,34.0
chr6,33211562,33212162,19.0
chr12,46266316,46266916,81.0
chr17,73092449,73093049,309.0
chr17,63702109,63702709,12.0
chr10,102630573,102631173,15.0
chr20,37403541,37404141,18.0
chr9,78030372,78030972,45.0
chr5,172105228,172105828,13.0
chr7,129127057,129127657,15.0
chr11,62531995,62532595,18.0
chr6,159761641,159762241,4102.0
chr17,28949404,28950004,14.0
chr2,202872010,202872610,38.0
chr4,54063657,54064257,14.0
chr7,65081320,65081920,72.0
chr4,55395883,55396483,1681.0
chr17,81239251,81239851,1663.0
chr9,3525276,3525876,134.0
chr5,128084176,128084776,78.0
chr17,21018796,21019396,15.0
chr22,38300846,38301446,19.0
chrX,111680888,111681488,1526.0
chr8,8639624,8640224,21.0
chr7,130936892,130937492,34.0
chr16,798533,799133,32.0
chr1,110875732,110876332,13.0
chr3,97971571,97972171,47.0
chr8,9556222,9556822,29.0
chr5,150375528,150376128,25.0
chr4,73109420,73110020,166.0
chr6,34223534,34224134,13.0
chr12,39356961,39357561,57.0
chr1,151790316,151790916,118.0
chr3,196054998,196055598,39.0
chr10,61940746,61941346,61.0
chr22,30335194,30335794,12.0
chr19,55254018,55254618,35.0
chr19,49678180,49678780,27.0
chr17,30291306,30291906,55.0
chr15,75639673,75640273,2180.0
chr18,76491606,76492206,37.0
chr11,61357056,61357656,163.0
chr1,110343617,110344217,14.0
chr4,163493227,163493827,19.0
chr5,139403821,139404421,110.0
chr15,96331310,96331910,272.0
chr6,20211325,20211925,24.0
chr19,1038263,1038863,118.0
chr17,29179883,29180483,296.0
chr22,42614139,42614739,21.0
chr2,13523058,13523658,111.0
chr15,41971325,41971925,77.0
chr3,4504301,4504901,12.0
chr12,54359371,54359971,21.0
chr20,35542370,35542970,28.0
chr7,134986499,134987099,765.0
chr10,6514595,6515195,12.0
chr9,132977968,132978568,70.0
chr1,52553225,52553825,281.0
chr2,191677710,191678310,1165.0
chr3,10292394,10292994,39.0
chr12,133037064,133037664,449.0
chr11,1852711,1853311,14009.0
chr6,17705498,17706098,38.0
chrX,19876834,19877434,153.0
chr3,186785044,186785644,30.0
chrX,124641611,124642211,192.0
chr12,47705751,47706351,1696.0
chr7,43926131,43926731,809.0
chr17,36212535,36213135,13.0
chrX,135344440,135345040,96.0
chr19,58547336,58547936,50.0
chr16,53053030,53053630,28.0
chr2,70094734,70095334,73.0
chr19,16588776,16589376,21.0
chr17,47622638,47623238,13.0
chr6,17705234,17705834,17.0
chr22,29267759,29268359,3379.0
chr6,28136844,28137444,82.0
chr1,1889708,1890308,21.0
chr11,67584481,67585081,92.0
chr12,11171334,11171934,1163.0
chr12,132786069,132786669,21.0
chr20,49187775,49188375,4297.0
chr12,6451271,6451871,840.0
chr19,11445094,11445694,24.0
chr6,142819014,142819614,27.0
chr12,96399568,96400168,104.0
chr5,131797134,131797734,26.0
chr4,3518102,3518702,12.0
chr12,70243659,70244259,81.0
chr2,219160558,219161158,212.0
chr10,70576588,70577188,25.0
chr7,102306988,102307588,20.0
chr7,20159896,20160496,53.0
chr7,27150975,27151575,12.0
chr22,50190366,50190966,489.0
chr3,15859858,15860458,35.0
chr17,43211749,43212349,944.0
chr11,615430,616030,2446.0
chr2,23388203,23388803,15.0
chr16,721132,721732,282.0
chr9,137053596,137054196,24.0
chr2,197453102,197453702,717.0
chr13,21176004,21176604,1664.0
chr19,13154127,13154727,52.0
chr11,65860371,65860971,584.0
chr20,58359340,58359940,19.0
chr4,143526041,143526641,34.0
chr2,230924941,230925541,448.0
chr19,46619409,46620009,59.0
chr6,43179856,43180456,24.0
chr10,73997638,73998238,1181.0
chr4,10082717,10083317,31.0
chr12,15570561,15571161,25.0
chr5,1571771,1572371,15.0
chr19,48713874,48714474,21.0
chr11,121445652,121446252,43.0
chr22,42440626,42441226,17.0
chr12,4273411,4274011,15183.0
chr1,201153693,201154293,29.0
chr1,212859975,212860575,27.0
chr19,53431614,53432214,808.0
chr5,65824161,65824761,56.0
chr16,77190219,77190819,45.0
chr19,18168367,18168967,165.0
chr2,47790662,47791262,49.0
chr6,34245202,34245802,278.0
chr18,9254712,9255312,200.0
chr17,72423325,72423925,72.0
chr7,39696533,39697133,27.0
chr3,153163201,153163801,512.0
chr19,1904995,1905595,959.0
chr16,29744957,29745557,28.0
chr17,49219318,49219918,31.0
chr9,108933794,108934394,896.0
chr20,62387893,62388493,27.0
chr13,77267569,77268169,16.0
chr20,409690,410290,18.0
chr14,22479964,22480564,318.0
chr5,73497801,73498401,118.0
chr5,135398663,135399263,3611.0
chr1,2229099,2229699,13.0
chr7,90178771,90179371,12.0
chr19,16542800,16543400,14.0
chr7,66920485,66921085,36.0
chr5,119355980,119356580,3726.0
chr14,62080925,62081525,27.0
chr15,72474257,72474857,1583.0
chr1,197735377,197735977,20.0
chr1,93181190,93181790,32.0
chr6,27472531,27473131,379.0
chr8,144798266,144798866,24.0
chr3,105677983,105678583,13.0
chr14,24186898,24187498,26.0
chr1,234214174,234214774,51.0
chr2,65130010,65130610,4476.0
chr7,37786858,37787458,21.0
chr8,97696746,97697346,72.0
chr12,666572,667172,70.0
chr1,166166441,166167041,329.0
chr9,134047732,134048332,16.0
chr20,36843551,36844151,23.0
chr2,17754103,17754703,1092.0
chr22,29288743,29289343,47.0
chr3,120348792,120349392,1086.0
chr16,30172973,30173573,15.0
chr1,9716414,9717014,25.0
chr17,50396995,50397595,2678.0
chr12,111430675,111431275,60.0
chr2,190343245,190343845,115.0
chrX,108397860,108398460,66.0
chr12,49460526,49461126,34.0
chr14,47675879,47676479,14.0
chr6,24974015,24974615,27.0
chr6,16488676,16489276,26.0
chr5,159098668,159099268,236.0
chr13,42380453,42381053,21.0
chr5,151216688,151217288,16.0
chr20,34872608,34873208,20.0
chr1,206555015,206555615,14.0
chr1,50969158,50969758,24.0
chr7,142854693,142855293,28.0
chr22,25564013,25564613,42.0
chr6,33290532,33291132,21.0
chr1,1629349,1629949,47.0
chr1,185317105,185317705,2446.0
chr2,70087929,70088529,1208.0
chr5,151045549,151046149,65.0
chr3,39383620,39384220,213.0
chr19,7698495,7699095,464.0
chr6,156778826,156779426,341.0
chr17,28811958,28812558,135.0
chr3,10292775,10293375,65.0
chr6,7176585,7177185,14.0
chr4,82798591,82799191,444.0
chr17,64919217,64919817,312.0
chrX,71532316,71532916,32.0
chr9,127915161,127915761,14.0
chr5,132293594,132294194,15.0
chr6,13273772,13274372,120.0
chr11,65645024,65645624,59.0
chr1,155676397,155676997,33.0
chr20,62937693,62938293,2329.0
chr3,107598706,107599306,102.0
chr9,127934899,127935499,55.0
chr5,34915300,34915900,2905.0
chr10,96269339,96269939,34.0
chr19,49676612,49677212,87.0
chr15,85703918,85704518,25.0
chr9,40991553,40992153,157.0
chr12,56151837,56152437,32.0
chr11,11922540,11923140,20.0
chr19,18918873,18919473,5025.0
chr14,105839328,105839928,12.0
chr7,74350686,74351286,12.0
chr6,27867273,27867873,36329.0
chr3,120330644,120331244,30.0
chr13,77697675,77698275,440.0
chr1,77961330,77961930,17.0
chr9,110128589,110129189,12.0
chr15,66503707,66504307,13.0
chr6,27838417,27839017,9749.0
chr8,113685303,113685903,423.0
chr14,69392427,69393027,14.0
chr16,57382691,57383291,25.0
chr1,101410518,101411118,103.0
chr3,48087884,48088484,13.0
chr6,121453926,121454526,31.0
chr17,38798825,38799425,22.0
chr18,76822012,76822612,369.0
chr12,56127774,56128374,740.0
chr7,101160912,101161512,13.0
chr6,43629072,43629672,712.0
chr15,52379283,52379883,1305.0
chr10,11176303,11176903,17.0
chr3,197711875,197712475,14.0
chr14,91114321,91114921,804.0
chr15,64989617,64990217,1717.0
chr5,157303918,157304518,14.0
chr14,68816481,68817081,98.0
chr11,124753907,124754507,16.0
chr7,135194566,135195166,13.0
chr17,29138856,29139456,16.0
chrX,48465700,48466300,13.0
chr2,28937837,28938437,20.0
chr5,131209035,131209635,48.0
chr15,57223155,57223755,24.0
chr17,40291222,40291822,18.0
chr3,8752164,8752764,68.0
chr20,380940,381540,604.0
chr5,170069419,170070019,24.0
chr1,161258661,161259261,50.0
chrX,103676247,103676847,67.0
chr11,95789619,95790219,582.0
chr10,30737936,30738536,12.0
chr3,185926345,185926945,31.0
chr6,72681821,72682421,14.0
chr2,11865226,11865826,41.0
chr15,41283911,41284511,1454.0
chr16,1965041,1965641,378.0
chr11,95790108,95790708,2895.0
chr14,100374368,100374968,15.0
chr13,48303161,48303761,325.0
chr1,40312324,40312924,235.0
chr7,76303349,76303949,2787.0
chr1,168191310,168191910,18.0
chr20,51531050,51531650,121.0
chr4,118810339,118810939,12.0
chr12,57107684,57108284,13.0
chr14,105051657,105052257,30.0
chr3,61724109,61724709,23.0
chr1,150579650,150580250,76.0
chrX,107775143,107775743,14.0
chr12,120224157,120224757,22.0
chr17,1516163,1516763,336.0
chr8,22604056,22604656,43.0
chr8,55941780,55942380,25.0
chr15,51622296,51622896,83.0
chr19,2609706,2610306,56.0
chr17,58345259,58345859,18.0
chr1,248686720,248687320,88.0
chr1,156282279,156282879,1686.0
chr22,46587047,46587647,209.0
chr17,28335334,28335934,1079.0
chr17,78358461,78359061,15.0
chr7,100126453,100127053,39.0
chr3,113532512,113533112,974.0
chr16,81444977,81445577,667.0
chr8,66430335,66430935,16.0
chr7,99389693,99390293,21.0
chr20,45326641,45327241,25.0
chr17,7584121,7584721,24.0
chr12,102061531,102062131,509.0
chr2,26245151,26245751,14.0
chr1,245645924,245646524,201.0
chr15,63121491,63122091,1017.0
chr1,32201727,32202327,608.0
chr10,102400698,102401298,90.0
chr1,26695898,26696498,840.0
chr9,27367087,27367687,18.0
chr2,202911413,202912013,1840.0
chr11,7515904,7516504,15.0
chr1,111131374,111131974,21.0
chr3,136250566,136251166,16.0
chr7,20290629,20291229,36.0
chr22,30542261,30542861,18.0
chr2,127081266,127081866,34.0
chr5,163438924,163439524,34.0
chr15,40894075,40894675,325.0
chr16,17470944,17471544,22.0
chrX,19811405,19812005,20.0
chr5,160481789,160482389,26.0
chr22,26589582,26590182,733.0
chr10,34774887,34775487,19.0
chr7,149239304,149239904,209.0
chr20,50931111,50931711,3687.0
chr6,37555459,37556059,330.0
chr17,27307497,27308097,88.0
chr3,122928598,122929198,19.0
chr4,183446373,183446973,12.0
chr9,129918449,129919049,15.0
chr11,59182272,59182872,23.0
chr5,27471930,27472530,1764.0
chr17,37829672,37830272,12.0
chr3,196632663,196633263,88.0
chr20,41164543,41165143,15.0
chr21,25395827,25396427,29.0
chr13,41062367,41062967,12.0
chr7,140696638,140697238,1373.0
chr14,103679858,103680458,23.0
chr7,100335337,100335937,26.0
chr1,39158443,39159043,19.0
chr7,100585342,100585942,14.0
chr16,23687331,23687931,28.0
chr19,45876519,45877119,14.0
chr3,138174595,138175195,583.0
chr22,50507352,50507952,827.0
chr22,23766081,23766681,33.0
chr11,124954287,124954887,29.0
chr3,157151044,157151644,13.0
chr14,105577391,105577991,52.0
chr5,137752476,137753076,146.0
chr3,107240376,107240976,39.0
chr19,35903557,35904157,63.0
chr22,43187710,43188310,25.0
chr12,123973906,123974506,18.0
chr19,40702415,40703015,18.0
chr21,43693836,43694436,20.0
chr1,42951101,42951701,13.0
chr6,53793450,53794050,20.0
chr3,175224723,175225323,24.0
chr19,46346431,46347031,396.0
chr10,6927903,6928503,12.0
chr4,89056911,89057511,115.0
chr6,166365079,166365679,14.0
chr14,68395477,68396077,14.0
chr12,54259017,54259617,904.0
chr17,75297097,75297697,28.0
chr10,31319621,31320221,24.0
chr9,117703882,117704482,172.0
chr6,138431093,138431693,77.0
chr8,101974482,101975082,12.0
chr11,96343045,96343645,354.0
chr22,17628272,17628872,2132.0
chr17,2055704,2056304,916.0
chr2,230383344,230383944,14.0
chr14,70808282,70808882,12.0
chr11,67399110,67399710,20.0
chr1,160608800,160609400,14.0
chr15,50354872,50355472,1445.0
chr17,47693656,47694256,56.0
chr8,28375252,28375852,14.0
chr2,195657603,195658203,77.0
chr3,4523961,4524561,41.0
chr20,17968668,17969268,6333.0
chr17,8864860,8865460,16.0
chr7,99142970,99143570,34.0
chr4,101346424,101347024,39.0
chr16,57542292,57542892,1108.0
chr21,41367168,41367768,16.0
chr6,87151561,87152161,56.0
chr17,32519195,32519795,40.0
chr8,131946260,131946860,14.0
chr2,68467166,68467766,134.0
chr8,11422813,11423413,18.0
chr3,61278627,61279227,16.0
chr5,132412633,132413233,13.0
chr6,111872286,111872886,50.0
chr21,29298816,29299416,747.0
chr4,61775880,61776480,52.0
chr12,120649349,120649949,31.0
chr6,42979256,42979856,24.0
chr15,45166816,45167416,24.0
chr9,37146308,37146908,117.0
chr6,225575,226175,29.0
chr1,244858343,244858943,44.0
chr2,40451544,40452144,35.0
chr4,174232855,174233455,17.0
chr17,29138447,29139047,12.0
chr10,72275244,72275844,133.0
chr16,46972772,46973372,19.0
chr16,15094391,15094991,27.0
chr8,143992564,143993164,70.0
chr8,108443628,108444228,2064.0
chr20,2145933,2146533,20.0
chr22,39442363,39442963,34.0
chr17,75849627,75850227,68.0
chr12,51322587,51323187,15.0
chr20,4699115,4699715,21.0
chr18,2571432,2572032,2353.0
chr17,40620106,40620706,14.0
chr3,135132805,135133405,24.0
chr11,47408036,47408636,166.0
chr11,94582148,94582748,136.0
chr12,77022507,77023107,19.0
chr17,77456092,77456692,13.0
chr9,124259966,124260566,13.0
chr11,72690099,72690699,17.0
chr14,67240955,67241555,253.0
chr2,206004737,206005337,40.0
chr1,76918977,76919577,47.0
chr12,122981716,122982316,125.0
chr17,46192693,46193293,289.0
chr7,1176013,1176613,22.0
chr19,2089249,2089849,45.0
chr3,59451254,59451854,60.0
chr7,135558334,135558934,34.0
chr3,52533162,52533762,188.0
chr17,67366066,67366666,2593.0
chr1,40039675,40040275,249.0
chr1,234980803,234981403,82.0
chr16,85557824,85558424,17.0
chr1,38559382,38559982,19.0
chr19,3463271,3463871,38.0
chr20,30512197,30512797,26.0
chr7,100678200,100678800,25.0
chr20,5949854,5950454,144.0
chr4,144645471,144646071,75.0
chr22,24424097,24424697,13.0
chr12,12477047,12477647,12.0
chr19,55661288,55661888,110.0
chr2,96265807,96266407,1888.0
chr20,44614779,44615379,19.0
chr2,143261831,143262431,14.0
chr3,161220963,161221563,2165.0
chr2,36902625,36903225,13.0
chr11,65079284,65079884,63.0
chr9,128688818,128689418,19060.0
chr12,14959296,14959896,14.0
chr10,108014712,108015312,21.0
chrX,316243,316843,14.0
chr5,64768657,64769257,2931.0
chr13,28139567,28140167,16.0
chr19,1083016,1083616,13.0
chr15,66548229,66548829,21.0
chr16,88732454,88733054,21.0
chr11,9384285,9384885,2000.0
chr12,4537955,4538555,746.0
chr9,113349264,113349864,12.0
chr1,3729267,3729867,14.0
chr6,33200472,33201072,1711.0
chr22,49975152,49975752,27.0
chrX,1598989,1599589,56.0
chr15,92819809,92820409,21.0
chr1,200409221,200409821,46.0
chr16,20865344,20865944,15.0
chr3,23220606,23221206,12.0
chr3,187024741,187025341,19.0
chr14,90397675,90398275,45.0
chr17,74465716,74466316,182.0
chr14,103689407,103690007,66.0
chr19,49014034,49014634,17.0
chr17,14069526,14070126,115.0
chr7,120512296,120512896,25.0
chr16,2766007,2766607,198.0
chr16,81798138,81798738,54.0
chr5,179795449,179796049,19.0
chr11,119094386,119094986,82.0
chr4,3388764,3389364,20.0
chrX,24025565,24026165,24.0
chr18,50272406,50273006,16.0
chr12,29782676,29783276,19.0
chr9,111897635,111898235,124.0
chr6,43182177,43182777,255.0
chr6,145734986,145735586,196.0
chr1,36386103,36386703,109.0
chr8,99758630,99759230,22.0
chr8,100472375,100472975,13.0
chr5,78360156,78360756,1229.0
chr21,46325975,46326575,22.0
chr1,174999848,175000448,6967.0
chr6,31197991,31198591,85.0
chr1,1206384,1206984,362.0
chr22,35452958,35453558,37.0
chr11,61060964,61061564,42.0
chr12,6199246,6199846,14.0
chr17,38869367,38869967,105.0
chr20,13784384,13784984,432.0
chr11,10803170,10803770,44.0
chr7,5530359,5530959,355581.0
chr16,30063888,30064488,16653.0
chr2,190408431,190409031,44.0
chr4,8228173,8228773,12.0
chr9,129834652,129835252,405.0
chr10,68338289,68338889,264.0
chr12,119989930,119990530,12.0
chr9,122950114,122950714,15.0
chr13,30443733,30444333,29.0
chr6,36678310,36678910,12578.0
chr3,111595182,111595782,12.0
chr22,25619656,25620256,13.0
chr2,13522787,13523387,104.0
chr14,69459961,69460561,15.0
chr3,17742841,17743441,126.0
chr1,2528853,2529453,19.0
chr3,53646958,53647558,22.0
chr6,81751922,81752522,98.0
chrX,155071005,155071605,3260.0
chr17,49411413,49412013,12.0
chr6,63578724,63579324,20.0
chrX,153952514,153953114,18.0
chr17,56834640,56835240,23.0
chr5,150009884,150010484,24.0
chr10,34358949,34359549,12.0
chr7,44765686,44766286,120.0
chr19,1821492,1822092,26.0
chr6,138773711,138774311,552.0
chr1,110341448,110342048,17.0
chr6,34532600,34533200,28.0
chr14,49971104,49971704,69.0
chr8,43093175,43093775,448.0
chr1,78622429,78623029,120.0
chr12,884901,885501,219.0
chr1,26500726,26501326,112.0
chr19,1261226,1261826,18.0
chr4,184283710,184284310,35.0
chr16,8962835,8963435,63.0
chr5,139648844,139649444,391.0
chr1,167411886,167412486,15.0
chr3,13019717,13020317,25.0
chr4,37910800,37911400,27.0
chr7,139422026,139422626,24.0
chr14,71446393,71446993,18.0
chr2,96320755,96321355,13.0
chr19,32405347,32405947,319.0
chr8,143990742,143991342,317.0
chr12,111510191,111510791,14.0
chr11,34916539,34917139,1074.0
chr2,47173835,47174435,14.0
chr3,195207792,195208392,13.0
chr4,83283986,83284586,28.0
chr16,88790505,88791105,16.0
chr4,70994628,70995228,14.0
chr8,42270408,42271008,14.0
chr15,54345750,54346350,12.0
chr3,52310774,52311374,22.0
chr17,59829147,59829747,112.0
chr7,10939917,10940517,9776.0
chr1,11907842,11908442,49.0
chr10,96130564,96131164,38.0
chr1,150579864,150580464,12.0
chr20,63738176,63738776,49.0
chr19,40777503,40778103,40.0
chr4,53705058,53705658,21.0
chr6,30743572,30744172,341.0
chr12,49188051,49188651,17.0
chr6,63582505,63583105,34.0
chr1,113871462,113872062,1716.0
chr14,49992866,49993466,582.0
chr9,3521865,3522465,14.0
chr2,113713311,113713911,26.0
chr10,75210215,75210815,2763.0
chr19,2084684,2085284,806.0
chr10,95693273,95693873,247.0
chr12,95266175,95266775,20.0
chr1,206930225,206930825,238.0
chr19,52690268,52690868,1055.0
chrX,13691907,13692507,17.0
chr3,119560010,119560610,128.0
chr3,57983982,57984582,21.0
chr7,2920857,2921457,17.0
chr21,41377358,41377958,13.0
chr5,141637160,141637760,30.0
chr14,76195949,76196549,31.0
chr3,184362585,184363185,18.0
chr1,1041216,1041816,14.0
chr9,19451905,19452505,14.0
chr12,101946204,101946804,14.0
chr2,65264969,65265569,19.0
chr19,34180600,34181200,14.0
chr7,35800730,35801330,7454.0
chr1,206635156,206635756,617.0
chr19,58394358,58394958,46.0
chr6,44246711,44247311,90857.0
chr19,57280676,57281276,35.0
chr19,45039107,45039707,35.0
chr19,47794425,47795025,84.0
chr17,50185135,50185735,58.0
chr1,234980598,234981198,154.0
chr4,82428081,82428681,192.0
chr6,33276809,33277409,44.0
chr9,130874737,130875337,20.0
chr19,12736781,12737381,40.0
chr12,96571030,96571630,56.0
chr1,40476699,40477299,66.0
chr9,99183985,99184585,61.0
chr16,56609408,56610008,15.0
chr14,95662786,95663386,18.0
chr20,37404482,37405082,58.0
chr7,35801168,35801768,6916.0
chr6,26440659,26441259,18.0
chr10,59876123,59876723,41.0
chrX,72275368,72275968,79.0
chr1,40450016,40450616,236.0
chr5,143209131,143209731,19.0
chr17,51259893,51260493,344.0
chr17,82255214,82255814,25.0
chr22,22110837,22111437,20.0
chr14,24299824,24300424,480.0
chr1,209428035,209428635,16.0
chr16,67667053,67667653,14.0
chr1,53258110,53258710,14.0
chr22,17818086,17818686,16.0
chr11,832466,833066,273.0
chr21,25462355,25462955,335.0
chr22,23895201,23895801,39.0
chr20,53661064,53661664,12.0
chr19,36775664,36776264,548.0
chr1,154627073,154627673,28.0
chr19,1621511,1622111,15.0
chr2,190407494,190408094,66.0
chr8,125291734,125292334,15.0
chr13,110713567,110714167,407.0
chr17,35809916,35810516,15.0
chr3,118292753,118293353,19.0
chr15,66499354,66499954,118.0
chr19,21358639,21359239,589.0
chr9,105557536,105558136,263.0
chr14,68882923,68883523,20.0
chr6,52362961,52363561,12.0
chr17,29286093,29286693,13.0
chr17,2701609,2702209,64.0
chr16,11252497,11253097,15.0
chr16,2084148,2084748,20.0
chr7,122658753,122659353,31.0
chr21,44919958,44920558,12.0
chr6,24719477,24720077,66.0
chr2,224481830,224482430,18.0
chr14,100066421,100067021,302.0
chr17,2266270,2266870,102.0
chr2,120176821,120177421,26.0
chr21,43974082,43974682,12.0
chr2,100417616,100418216,110.0
chr21,42536034,42536634,13.0
chr1,26838783,26839383,20.0
chr1,156310623,156311223,30.0
chr1,39102833,39103433,52.0
chr6,43734153,43734753,13.0
chr22,24156311,24156911,116.0
chr1,41739020,41739620,107.0
chr3,184174443,184175043,2556.0
chr2,11155165,11155765,31.0
chr12,57750718,57751318,16.0
chr16,28183311,28183911,19.0
chr19,2094780,2095380,129.0
chr18,50288022,50288622,129.0
chrX,39787895,39788495,590.0
chr11,83063328,83063928,30.0
chr1,21725711,21726311,17.0
chr1,117059213,117059813,296.0
chr9,137128813,137129413,27.0
chr9,2159433,2160033,13.0
chr4,42626655,42627255,26.0
chr3,184171821,184172421,16.0
chr2,108575325,108575925,31.0
chr19,19320475,19321075,1147.0
chr8,144827095,144827695,327.0
chr19,14470696,14471296,12.0
chr17,76498778,76499378,21.0
chr5,43039467,43040067,15.0
chr3,15254727,15255327,25.0
chr15,73994767,73995367,834.0
chr1,23600298,23600898,19.0
chr12,10709695,10710295,51.0
chr11,129268441,129269041,26.0
chr10,79354039,79354639,69.0
chr7,102424378,102424978,38.0
chr7,100271700,100272300,83.0
chr8,109539047,109539647,15.0
chr17,1562211,1562811,1407.0
chr6,12369666,12370266,188.0
chr9,98192151,98192751,23.0
chr8,123396313,123396913,2643.0
chr9,35829453,35830053,53.0
chr2,161094467,161095067,14.0
chr6,137878267,137878867,193.0
chr19,49850824,49851424,1348.0
chr4,39455694,39456294,13.0
chr3,167696927,167697527,17.0
chr19,53537400,53538000,41.0
chr8,47773858,47774458,21.0
chr3,3151933,3152533,29.0
chr19,44756590,44757190,30.0
chr10,3777790,3778390,25.0
chrX,19869085,19869685,16.0
chr2,119352237,119352837,18.0
chr10,32459235,32459835,59.0
chr10,50362623,50363223,14.0
chr9,125748371,125748971,47.0
chr1,156751517,156752117,5446.0
chr2,189783789,189784389,2026.0
chr1,51519078,51519678,2079.0
chr17,80146967,80147567,1971.0
chr16,81314861,81315461,197.0
chr2,78708080,78708680,15.0
chr22,41866851,41867451,264.0
chr13,36331187,36331787,20.0
chr17,7931418,7932018,3743.0
chr4,6923579,6924179,18.0
chr11,80815675,80816275,30.0
chr13,49109978,49110578,670.0
chr4,52051437,52052037,14.0
chr1,46342549,46343149,14.0
chr12,118062169,118062769,18.0
chr2,241249579,241250179,73.0
chr17,41889302,41889902,16.0
chr14,70670886,70671486,20.0
chr19,29605951,29606551,963.0
chr14,22876789,22877389,23.0
chr12,53192496,53193096,34.0
chr12,6915702,6916302,18.0
chr6,116110761,116111361,13.0
chr8,23022509,23023109,12.0
chr15,90665835,90666435,13.0
chr13,60396107,60396707,104.0
chr16,57185189,57185789,32.0
chr6,42269158,42269758,16.0
chr7,151058106,151058706,72.0
chr12,56188922,56189522,1019.0
chr14,28264236,28264836,164.0
chr1,111194260,111194860,23.0
chr16,31094543,31095143,2082.0
chr3,184134705,184135305,43.0
chr14,100368944,100369544,59.0
chr4,55947238,55947838,13.0
chr3,196568071,196568671,512.0
chr3,33718243,33718843,229.0
chr5,143414097,143414697,14.0
chr17,41754578,41755178,19.0
chr1,1401437,1402037,14.0
chr21,31343930,31344530,266.0
chr16,88974247,88974847,12.0
chr11,67506549,67507149,47.0
chr10,34754571,34755171,17.0
chr19,11024900,11025500,15.0
chr4,109462707,109463307,206.0
chr4,169400278,169400878,12.0
chr19,10333283,10333883,2672.0
chr11,77813162,77813762,13.0
chr4,104495023,104495623,50.0
chr22,37100482,37101082,13.0
chr5,74866685,74867285,22.0
chr19,47492508,47493108,23.0
chr1,23910743,23911343,57.0
chr5,150904410,150905010,48.0
chr18,77127844,77128444,113.0
chr9,125189927,125190527,19.0
chr2,72917158,72917758,140.0
chr1,172255050,172255650,15.0
chr17,8126640,8127240,31.0
chr9,136522754,136523354,18.0
chr11,10307845,10308445,141.0
chr4,2963707,2964307,16.0
chr17,7894758,7895358,15.0
chr1,26110820,26111420,46.0
chr11,62600748,62601348,550.0
chr7,98252308,98252908,108.0
chr2,43226131,43226731,4524.0
chr19,45711887,45712487,59.0
chr1,40422561,40423161,49.0
chr9,34328725,34329325,309.0
chr10,22437274,22437874,14.0
chr16,547829,548429,15.0
chr7,92904614,92905214,17.0
chr5,95960093,95960693,22.0
chr2,70104493,70105093,24.0
chr1,56577244,56577844,17.0
chr7,23532036,23532636,34.0
chr12,25005209,25005809,38.0
chr1,206507214,206507814,1343.0
chr6,30626533,30627133,371.0
chr20,6213169,6213769,212.0
chr15,96331753,96332353,113.0
chr7,121396131,121396731,1642.0
chr14,49894104,49894704,1033.0
chr8,73976299,73976899,76.0
chr9,137617676,137618276,27.0
chr21,31326362,31326962,16.0
chr3,195259575,195260175,26.0
chr3,184323884,184324484,68.0
chr1,154983401,154984001,13.0
chr11,58579685,58580285,61.0
chr1,66370366,66370966,13.0
chr11,134124778,134125378,12.0
chr6,6392852,6393452,24.0
chr2,111120872,111121472,1158.0
chr22,50196925,50197525,36.0
chr18,26547338,26547938,14.0
chr1,114723814,114724414,54.0
chr14,58427873,58428473,48.0
chr3,32493965,32494565,45.0
chr16,50685076,50685676,28.0
chr9,104140081,104140681,12.0
chr17,81911205,81911805,524.0
chr7,39950810,39951410,32.0
chr10,59792684,59793284,109.0
chr1,62800758,62801358,29.0
chr22,41905925,41906525,22.0
chr1,145708128,145708728,21.0
chr10,13706078,13706678,24.0
chr19,10602112,10602712,669.0
chr4,113758964,113759564,25.0
chr2,28751450,28752050,3388.0
chr10,119426535,119427135,148.0
chr1,156212059,156212659,21.0
chr9,97984759,97985359,39.0
chr3,184298824,184299424,2076.0
chr19,35347150,35347750,45.0
chr4,25234649,25235249,23.0
chr10,12829798,12830398,12.0
chr7,45108604,45109204,14.0
chr5,157594210,157594810,16.0
chr1,206587795,206588395,28.0
chr17,62050078,62050678,29.0
chr14,89416935,89417535,338.0
chr22,42438131,42438731,686.0
chr7,130925244,130925844,18.0
chr9,131464593,131465193,84.0
chr14,88824543,88825143,55.0
chr19,10419348,10419948,87.0
chr6,398558,399158,49.0
chr20,2470969,2471569,49.0
chr12,24814636,24815236,24.0
chrX,10111223,10111823,46.0
chr6,111774268,111774868,34.0
chr11,74492963,74493563,39.0
chr15,38560424,38561024,240.0
chr5,14144202,14144802,27.0
chr15,74402409,74403009,74.0
